key,latest_session,visible_sessions,session_pixels,ground_truth_pixels,intersection_pixels,union_pixels,iou,overlap_loss,area_delta
q,1,1,8064,5260,5260,8064,0.652282,0.347718,0.533080
q,2,"1,2",8886,5260,5257,8889,0.591405,0.408595,0.689354
q,3,"1,2,3",9390,5260,5260,9390,0.560170,0.439830,0.785171
q,4,"1,2,3,4",4585,5260,4585,5260,0.871673,0.128327,0.128327
q,5,"1,2,3,4,5",4357,5260,4357,5260,0.828327,0.171673,0.171673
q,6,"1,2,3,4,5,6",3761,5260,3761,5260,0.715019,0.284981,0.284981
q,7,"1,2,3,4,5,6,7",3676,5260,3676,5260,0.698859,0.301141,0.301141
q,8,"1,2,3,4,5,6,7,8",4713,5260,4260,5713,0.745668,0.254332,0.103992
q,9,"1,2,3,4,5,6,7,8,9",4239,5260,4147,5352,0.774851,0.225149,0.194106
q,10,"1,2,3,4,5,6,7,8,9,10",3933,5260,3896,5297,0.735511,0.264489,0.252281
q,11,"1,2,3,4,5,6,7,8,9,10,11",5318,5260,4880,5698,0.856441,0.143559,0.011027
q,12,"1,2,3,4,5,6,7,8,9,10,11,12",5140,5260,5024,5376,0.934524,0.065476,0.022814
q,13,"1,2,3,4,5,6,7,8,9,10,11,12,13",5207,5260,5091,5376,0.946987,0.053013,0.010076
q,14,"1,2,3,4,5,6,7,8,9,10,11,12,13,14",5239,5260,5170,5329,0.970163,0.029837,0.003992
q,15,"1,2,3,4,5,6,7,8,9,10,11,12,13,14,15",5260,5260,5187,5333,0.972623,0.027377,0.000000
q,16,"1,2,3,4,5,6,7,8,9,10,11,12,13,14,15,16",5308,5260,5201,5367,0.969070,0.030930,0.009125
q,17,"1,2,3,4,5,6,7,8,9,10,11,12,13,14,15,16,17",5356,5260,5220,5396,0.967383,0.032617,0.018251
q,18,"1,2,3,4,5,6,7,8,9,10,11,12,13,14,15,16,17,18",5335,5260,5204,5391,0.965313,0.034687,0.014259
q,19,"1,2,3,4,5,6,7,8,9,10,11,12,13,14,15,16,17,18,19",5346,5260,5238,5368,0.975782,0.024218,0.016350
q,20,"1,2,3,4,5,6,7,8,9,10,11,12,13,14,15,16,17,18,19,20",5334,5260,5236,5358,0.977230,0.022770,0.014068
q,21,"1,2,3,4,5,6,7,8,9,10,11,12,13,14,15,16,17,18,19,20,21",5373,5260,5250,5383,0.975293,0.024707,0.021483
q,22,"1,2,3,4,5,6,7,8,9,10,11,12,13,14,15,16,17,18,19,20,21,22",5368,5260,5259,5369,0.979512,0.020488,0.020532
q,23,"1,2,3,4,5,6,7,8,9,10,11,12,13,14,15,16,17,18,19,20,21,22,23",5292,5260,5249,5303,0.989817,0.010183,0.006084
q,24,"1,2,3,4,5,6,7,8,9,10,11,12,13,14,15,16,17,18,19,20,21,22,23,24",5250,5260,5250,5260,0.998099,0.001901,0.001901
q,25,"1,2,3,4,5,6,7,8,9,10,11,12,13,14,15,16,17,18,19,20,21,22,23,24,25",5260,5260,5260,5260,1.000000,0.000000,0.000000
w,1,1,6676,3627,3420,6883,0.496876,0.503124,0.840640
w,2,"1,2",3155,3627,2876,3906,0.736303,0.263697,0.130135
w,3,"1,2,3",2729,3627,2501,3855,0.648768,0.351232,0.247588
w,4,"1,2,3,4",3610,3627,3289,3948,0.833080,0.166920,0.004687
w,5,"1,2,3,4,5",3567,3627,3191,4003,0.797152,0.202848,0.016543
w,6,"1,2,3,4,5,6",4369,3627,3442,4554,0.755819,0.244181,0.204577
w,7,"1,2,3,4,5,6,7",4329,3627,3443,4513,0.762907,0.237093,0.193548
w,8,"1,2,3,4,5,6,7,8",4452,3627,3427,4652,0.736672,0.263328,0.227461
w,9,"1,2,3,4,5,6,7,8,9",4532,3627,3462,4697,0.737066,0.262934,0.249518
w,10,"1,2,3,4,5,6,7,8,9,10",4715,3627,3552,4790,0.741545,0.258455,0.299972
w,11,"1,2,3,4,5,6,7,8,9,10,11",3892,3627,3564,3955,0.901138,0.098862,0.073063
w,12,"1,2,3,4,5,6,7,8,9,10,11,12",3724,3627,3555,3796,0.936512,0.063488,0.026744
w,13,"1,2,3,4,5,6,7,8,9,10,11,12,13",3647,3627,3537,3737,0.946481,0.053519,0.005514
w,14,"1,2,3,4,5,6,7,8,9,10,11,12,13,14",3669,3627,3557,3739,0.951324,0.048676,0.011580
w,15,"1,2,3,4,5,6,7,8,9,10,11,12,13,14,15",3688,3627,3566,3749,0.951187,0.048813,0.016818
w,16,"1,2,3,4,5,6,7,8,9,10,11,12,13,14,15,16",3684,3627,3553,3758,0.945450,0.054550,0.015715
w,17,"1,2,3,4,5,6,7,8,9,10,11,12,13,14,15,16,17",3650,3627,3551,3726,0.953033,0.046967,0.006341
w,18,"1,2,3,4,5,6,7,8,9,10,11,12,13,14,15,16,17,18",3685,3627,3591,3721,0.965063,0.034937,0.015991
w,19,"1,2,3,4,5,6,7,8,9,10,11,12,13,14,15,16,17,18,19",3679,3627,3594,3712,0.968211,0.031789,0.014337
w,20,"1,2,3,4,5,6,7,8,9,10,11,12,13,14,15,16,17,18,19,20",3677,3627,3600,3704,0.971922,0.028078,0.013785
w,21,"1,2,3,4,5,6,7,8,9,10,11,12,13,14,15,16,17,18,19,20,21",3617,3627,3567,3677,0.970084,0.029916,0.002757
w,22,"1,2,3,4,5,6,7,8,9,10,11,12,13,14,15,16,17,18,19,20,21,22",3637,3627,3609,3655,0.987415,0.012585,0.002757
w,23,"1,2,3,4,5,6,7,8,9,10,11,12,13,14,15,16,17,18,19,20,21,22,23",3636,3627,3613,3650,0.989863,0.010137,0.002481
w,24,"1,2,3,4,5,6,7,8,9,10,11,12,13,14,15,16,17,18,19,20,21,22,23,24",3648,3627,3627,3648,0.994243,0.005757,0.005790
w,25,"1,2,3,4,5,6,7,8,9,10,11,12,13,14,15,16,17,18,19,20,21,22,23,24,25",3627,3627,3627,3627,1.000000,0.000000,0.000000
e,1,1,1945,3915,1940,3920,0.494898,0.505102,0.503193
e,2,"1,2",3604,3915,3440,4079,0.843344,0.156656,0.079438
e,3,"1,2,3",3886,3915,3588,4213,0.851650,0.148350,0.007407
e,4,"1,2,3,4",3927,3915,3663,4179,0.876525,0.123475,0.003065
e,5,"1,2,3,4,5",4079,3915,3738,4256,0.878289,0.121711,0.041890
e,6,"1,2,3,4,5,6",4042,3915,3804,4153,0.915964,0.084036,0.032439
e,7,"1,2,3,4,5,6,7",4224,3915,3868,4271,0.905643,0.094357,0.078927
e,8,"1,2,3,4,5,6,7,8",4209,3915,3881,4243,0.914683,0.085317,0.075096
e,9,"1,2,3,4,5,6,7,8,9",4157,3915,3878,4194,0.924654,0.075346,0.061814
e,10,"1,2,3,4,5,6,7,8,9,10",4082,3915,3888,4109,0.946216,0.053784,0.042656
e,11,"1,2,3,4,5,6,7,8,9,10,11",4054,3915,3884,4085,0.950796,0.049204,0.035504
e,12,"1,2,3,4,5,6,7,8,9,10,11,12",4087,3915,3902,4100,0.951707,0.048293,0.043934
e,13,"1,2,3,4,5,6,7,8,9,10,11,12,13",4027,3915,3844,4098,0.938019,0.061981,0.028608
e,14,"1,2,3,4,5,6,7,8,9,10,11,12,13,14",3982,3915,3843,4054,0.947953,0.052047,0.017114
e,15,"1,2,3,4,5,6,7,8,9,10,11,12,13,14,15",3986,3915,3852,4049,0.951346,0.048654,0.018135
e,16,"1,2,3,4,5,6,7,8,9,10,11,12,13,14,15,16",3995,3915,3856,4054,0.951159,0.048841,0.020434
e,17,"1,2,3,4,5,6,7,8,9,10,11,12,13,14,15,16,17",4017,3915,3869,4063,0.952252,0.047748,0.026054
e,18,"1,2,3,4,5,6,7,8,9,10,11,12,13,14,15,16,17,18",3996,3915,3872,4039,0.958653,0.041347,0.020690
e,19,"1,2,3,4,5,6,7,8,9,10,11,12,13,14,15,16,17,18,19",3992,3915,3876,4031,0.961548,0.038452,0.019668
e,20,"1,2,3,4,5,6,7,8,9,10,11,12,13,14,15,16,17,18,19,20",3961,3915,3867,4009,0.964580,0.035420,0.011750
e,21,"1,2,3,4,5,6,7,8,9,10,11,12,13,14,15,16,17,18,19,20,21",3973,3915,3883,4005,0.969538,0.030462,0.014815
e,22,"1,2,3,4,5,6,7,8,9,10,11,12,13,14,15,16,17,18,19,20,21,22",3875,3915,3867,3923,0.985725,0.014275,0.010217
e,23,"1,2,3,4,5,6,7,8,9,10,11,12,13,14,15,16,17,18,19,20,21,22,23",3880,3915,3869,3926,0.985481,0.014519,0.008940
e,24,"1,2,3,4,5,6,7,8,9,10,11,12,13,14,15,16,17,18,19,20,21,22,23,24",3906,3915,3906,3915,0.997701,0.002299,0.002299
e,25,"1,2,3,4,5,6,7,8,9,10,11,12,13,14,15,16,17,18,19,20,21,22,23,24,25",3915,3915,3915,3915,1.000000,0.000000,0.000000
r,1,1,3966,3851,3671,4146,0.885432,0.114568,0.029862
r,2,"1,2",3872,3851,3592,4131,0.869523,0.130477,0.005453
r,3,"1,2,3",3668,3851,3488,4031,0.865294,0.134706,0.047520
r,4,"1,2,3,4",3572,3851,3458,3965,0.872131,0.127869,0.072449
r,5,"1,2,3,4,5",3583,3851,3528,3906,0.903226,0.096774,0.069592
r,6,"1,2,3,4,5,6",3552,3851,3515,3888,0.904064,0.095936,0.077642
r,7,"1,2,3,4,5,6,7",3422,3851,3422,3851,0.888600,0.111400,0.111400
r,8,"1,2,3,4,5,6,7,8",3477,3851,3476,3852,0.902388,0.097612,0.097118
r,9,"1,2,3,4,5,6,7,8,9",3629,3851,3623,3857,0.939331,0.060669,0.057647
r,10,"1,2,3,4,5,6,7,8,9,10",3616,3851,3616,3851,0.938977,0.061023,0.061023
r,11,"1,2,3,4,5,6,7,8,9,10,11",3626,3851,3626,3851,0.941574,0.058426,0.058426
r,12,"1,2,3,4,5,6,7,8,9,10,11,12",3684,3851,3680,3855,0.954604,0.045396,0.043365
r,13,"1,2,3,4,5,6,7,8,9,10,11,12,13",3679,3851,3660,3870,0.945736,0.054264,0.044664
r,14,"1,2,3,4,5,6,7,8,9,10,11,12,13,14",3648,3851,3647,3852,0.946781,0.053219,0.052714
r,15,"1,2,3,4,5,6,7,8,9,10,11,12,13,14,15",3636,3851,3635,3852,0.943666,0.056334,0.055830
r,16,"1,2,3,4,5,6,7,8,9,10,11,12,13,14,15,16",3620,3851,3619,3852,0.939512,0.060488,0.059984
r,17,"1,2,3,4,5,6,7,8,9,10,11,12,13,14,15,16,17",3571,3851,3571,3851,0.927292,0.072708,0.072708
r,18,"1,2,3,4,5,6,7,8,9,10,11,12,13,14,15,16,17,18",3587,3851,3585,3853,0.930444,0.069556,0.068554
r,19,"1,2,3,4,5,6,7,8,9,10,11,12,13,14,15,16,17,18,19",3628,3851,3626,3853,0.941085,0.058915,0.057907
r,20,"1,2,3,4,5,6,7,8,9,10,11,12,13,14,15,16,17,18,19,20",3683,3851,3683,3851,0.956375,0.043625,0.043625
r,21,"1,2,3,4,5,6,7,8,9,10,11,12,13,14,15,16,17,18,19,20,21",3700,3851,3699,3852,0.960280,0.039720,0.039211
r,22,"1,2,3,4,5,6,7,8,9,10,11,12,13,14,15,16,17,18,19,20,21,22",3908,3851,3840,3919,0.979842,0.020158,0.014801
r,23,"1,2,3,4,5,6,7,8,9,10,11,12,13,14,15,16,17,18,19,20,21,22,23",3878,3851,3832,3897,0.983321,0.016679,0.007011
r,24,"1,2,3,4,5,6,7,8,9,10,11,12,13,14,15,16,17,18,19,20,21,22,23,24",3855,3851,3844,3862,0.995339,0.004661,0.001039
r,25,"1,2,3,4,5,6,7,8,9,10,11,12,13,14,15,16,17,18,19,20,21,22,23,24,25",3851,3851,3851,3851,1.000000,0.000000,0.000000
t,1,1,4380,3674,3470,4584,0.756981,0.243019,0.192161
t,2,"1,2",3866,3674,3483,4057,0.858516,0.141484,0.052259
t,3,"1,2,3",4005,3674,3541,4138,0.855727,0.144273,0.090093
t,4,"1,2,3,4",4030,3674,3531,4173,0.846154,0.153846,0.096897
t,5,"1,2,3,4,5",3989,3674,3581,4082,0.877266,0.122734,0.085738
t,6,"1,2,3,4,5,6",3875,3674,3590,3959,0.906795,0.093205,0.054709
t,7,"1,2,3,4,5,6,7",3843,3674,3625,3892,0.931398,0.068602,0.045999
t,8,"1,2,3,4,5,6,7,8",3829,3674,3632,3871,0.938259,0.061741,0.042188
t,9,"1,2,3,4,5,6,7,8,9",3878,3674,3674,3878,0.947396,0.052604,0.055525
t,10,"1,2,3,4,5,6,7,8,9,10",3894,3674,3674,3894,0.943503,0.056497,0.059880
t,11,"1,2,3,4,5,6,7,8,9,10,11",3823,3674,3674,3823,0.961025,0.038975,0.040555
t,12,"1,2,3,4,5,6,7,8,9,10,11,12",3842,3674,3674,3842,0.956273,0.043727,0.045727
t,13,"1,2,3,4,5,6,7,8,9,10,11,12,13",3867,3674,3665,3876,0.945562,0.054438,0.052531
t,14,"1,2,3,4,5,6,7,8,9,10,11,12,13,14",3936,3674,3674,3936,0.933435,0.066565,0.071312
t,15,"1,2,3,4,5,6,7,8,9,10,11,12,13,14,15",3945,3674,3674,3945,0.931305,0.068695,0.073762
t,16,"1,2,3,4,5,6,7,8,9,10,11,12,13,14,15,16",3838,3674,3674,3838,0.957269,0.042731,0.044638
t,17,"1,2,3,4,5,6,7,8,9,10,11,12,13,14,15,16,17",3765,3674,3628,3811,0.951981,0.048019,0.024769
t,18,"1,2,3,4,5,6,7,8,9,10,11,12,13,14,15,16,17,18",3754,3674,3640,3788,0.960929,0.039071,0.021775
t,19,"1,2,3,4,5,6,7,8,9,10,11,12,13,14,15,16,17,18,19",3747,3674,3645,3776,0.965307,0.034693,0.019869
t,20,"1,2,3,4,5,6,7,8,9,10,11,12,13,14,15,16,17,18,19,20",3690,3674,3641,3723,0.977975,0.022025,0.004355
t,21,"1,2,3,4,5,6,7,8,9,10,11,12,13,14,15,16,17,18,19,20,21",3682,3674,3636,3720,0.977419,0.022581,0.002177
t,22,"1,2,3,4,5,6,7,8,9,10,11,12,13,14,15,16,17,18,19,20,21,22",3635,3674,3614,3695,0.978078,0.021922,0.010615
t,23,"1,2,3,4,5,6,7,8,9,10,11,12,13,14,15,16,17,18,19,20,21,22,23",3672,3674,3643,3703,0.983797,0.016203,0.000544
t,24,"1,2,3,4,5,6,7,8,9,10,11,12,13,14,15,16,17,18,19,20,21,22,23,24",3696,3674,3660,3710,0.986523,0.013477,0.005988
t,25,"1,2,3,4,5,6,7,8,9,10,11,12,13,14,15,16,17,18,19,20,21,22,23,24,25",3674,3674,3674,3674,1.000000,0.000000,0.000000
y,1,1,4067,5826,3867,6026,0.641719,0.358281,0.301922
y,2,"1,2",4146,5826,3987,5985,0.666165,0.333835,0.288363
y,3,"1,2,3",3956,5826,3837,5945,0.645416,0.354584,0.320975
y,4,"1,2,3,4",4437,5826,4258,6005,0.709076,0.290924,0.238414
y,5,"1,2,3,4,5",4307,5826,4170,5963,0.699312,0.300688,0.260728
y,6,"1,2,3,4,5,6",5084,5826,4863,6047,0.804200,0.195800,0.127360
y,7,"1,2,3,4,5,6,7",5259,5826,5099,5986,0.851821,0.148179,0.097322
y,8,"1,2,3,4,5,6,7,8",5207,5826,5063,5970,0.848074,0.151926,0.106248
y,9,"1,2,3,4,5,6,7,8,9",4957,5826,4868,5915,0.822992,0.177008,0.149159
y,10,"1,2,3,4,5,6,7,8,9,10",4962,5826,4873,5915,0.823838,0.176162,0.148301
y,11,"1,2,3,4,5,6,7,8,9,10,11",5103,5826,4975,5954,0.835573,0.164427,0.124099
y,12,"1,2,3,4,5,6,7,8,9,10,11,12",5814,5826,5641,5999,0.940323,0.059677,0.002060
y,13,"1,2,3,4,5,6,7,8,9,10,11,12,13",5934,5826,5688,6072,0.936759,0.063241,0.018538
y,14,"1,2,3,4,5,6,7,8,9,10,11,12,13,14",5794,5826,5650,5970,0.946399,0.053601,0.005493
y,15,"1,2,3,4,5,6,7,8,9,10,11,12,13,14,15",5741,5826,5641,5926,0.951907,0.048093,0.014590
y,16,"1,2,3,4,5,6,7,8,9,10,11,12,13,14,15,16",5826,5826,5743,5909,0.971907,0.028093,0.000000
y,17,"1,2,3,4,5,6,7,8,9,10,11,12,13,14,15,16,17",5942,5826,5777,5991,0.964280,0.035720,0.019911
y,18,"1,2,3,4,5,6,7,8,9,10,11,12,13,14,15,16,17,18",5909,5826,5773,5962,0.968299,0.031701,0.014246
y,19,"1,2,3,4,5,6,7,8,9,10,11,12,13,14,15,16,17,18,19",5977,5826,5816,5987,0.971438,0.028562,0.025918
y,20,"1,2,3,4,5,6,7,8,9,10,11,12,13,14,15,16,17,18,19,20",5950,5826,5818,5958,0.976502,0.023498,0.021284
y,21,"1,2,3,4,5,6,7,8,9,10,11,12,13,14,15,16,17,18,19,20,21",5932,5826,5816,5942,0.978795,0.021205,0.018194
y,22,"1,2,3,4,5,6,7,8,9,10,11,12,13,14,15,16,17,18,19,20,21,22",5921,5826,5816,5931,0.980610,0.019390,0.016306
y,23,"1,2,3,4,5,6,7,8,9,10,11,12,13,14,15,16,17,18,19,20,21,22,23",5822,5826,5776,5872,0.983651,0.016349,0.000687
y,24,"1,2,3,4,5,6,7,8,9,10,11,12,13,14,15,16,17,18,19,20,21,22,23,24",5835,5826,5798,5863,0.988914,0.011086,0.001545
y,25,"1,2,3,4,5,6,7,8,9,10,11,12,13,14,15,16,17,18,19,20,21,22,23,24,25",5826,5826,5826,5826,1.000000,0.000000,0.000000
u,1,1,6970,5495,4614,7851,0.587696,0.412304,0.268426
u,2,"1,2",7237,5495,5085,7647,0.664967,0.335033,0.317015
u,3,"1,2,3",7040,5495,5481,7054,0.777006,0.222994,0.281165
u,4,"1,2,3,4",6665,5495,5463,6697,0.815738,0.184262,0.212921
u,5,"1,2,3,4,5",6592,5495,5374,6713,0.800536,0.199464,0.199636
u,6,"1,2,3,4,5,6",6001,5495,5279,6217,0.849123,0.150877,0.092084
u,7,"1,2,3,4,5,6,7",6033,5495,5374,6154,0.873253,0.126747,0.097907
u,8,"1,2,3,4,5,6,7,8",5853,5495,5296,6052,0.875083,0.124917,0.065150
u,9,"1,2,3,4,5,6,7,8,9",6077,5495,5309,6263,0.847677,0.152323,0.105914
u,10,"1,2,3,4,5,6,7,8,9,10",6028,5495,5316,6207,0.856452,0.143548,0.096997
u,11,"1,2,3,4,5,6,7,8,9,10,11",5997,5495,5307,6185,0.858044,0.141956,0.091356
u,12,"1,2,3,4,5,6,7,8,9,10,11,12",5596,5495,5325,5766,0.923517,0.076483,0.018380
u,13,"1,2,3,4,5,6,7,8,9,10,11,12,13",5210,5495,5198,5507,0.943890,0.056110,0.051865
u,14,"1,2,3,4,5,6,7,8,9,10,11,12,13,14",5222,5495,5204,5513,0.943951,0.056049,0.049682
u,15,"1,2,3,4,5,6,7,8,9,10,11,12,13,14,15",5342,5495,5332,5505,0.968574,0.031426,0.027843
u,16,"1,2,3,4,5,6,7,8,9,10,11,12,13,14,15,16",5454,5495,5397,5552,0.972082,0.027918,0.007461
u,17,"1,2,3,4,5,6,7,8,9,10,11,12,13,14,15,16,17",5501,5495,5405,5591,0.966732,0.033268,0.001092
u,18,"1,2,3,4,5,6,7,8,9,10,11,12,13,14,15,16,17,18",5518,5495,5415,5598,0.967310,0.032690,0.004186
u,19,"1,2,3,4,5,6,7,8,9,10,11,12,13,14,15,16,17,18,19",5427,5495,5374,5548,0.968637,0.031363,0.012375
u,20,"1,2,3,4,5,6,7,8,9,10,11,12,13,14,15,16,17,18,19,20",5445,5495,5412,5528,0.979016,0.020984,0.009099
u,21,"1,2,3,4,5,6,7,8,9,10,11,12,13,14,15,16,17,18,19,20,21",5468,5495,5418,5545,0.977096,0.022904,0.004914
u,22,"1,2,3,4,5,6,7,8,9,10,11,12,13,14,15,16,17,18,19,20,21,22",5449,5495,5426,5518,0.983327,0.016673,0.008371
u,23,"1,2,3,4,5,6,7,8,9,10,11,12,13,14,15,16,17,18,19,20,21,22,23",5565,5495,5474,5586,0.979950,0.020050,0.012739
u,24,"1,2,3,4,5,6,7,8,9,10,11,12,13,14,15,16,17,18,19,20,21,22,23,24",5491,5495,5470,5516,0.991661,0.008339,0.000728
u,25,"1,2,3,4,5,6,7,8,9,10,11,12,13,14,15,16,17,18,19,20,21,22,23,24,25",5495,5495,5495,5495,1.000000,0.000000,0.000000
i,1,1,3216,5501,3004,5713,0.525818,0.474182,0.415379
i,2,"1,2",4562,5501,3950,6113,0.646164,0.353836,0.170696
i,3,"1,2,3",5330,5501,5036,5795,0.869025,0.130975,0.031085
i,4,"1,2,3,4",5654,5501,5355,5800,0.923276,0.076724,0.027813
i,5,"1,2,3,4,5",5794,5501,5443,5852,0.930109,0.069891,0.053263
i,6,"1,2,3,4,5,6",5496,5501,5380,5617,0.957807,0.042193,0.000909
i,7,"1,2,3,4,5,6,7",5340,5501,5273,5568,0.947019,0.052981,0.029267
i,8,"1,2,3,4,5,6,7,8",5554,5501,5363,5692,0.942200,0.057800,0.009635
i,9,"1,2,3,4,5,6,7,8,9",5627,5501,5377,5751,0.934968,0.065032,0.022905
i,10,"1,2,3,4,5,6,7,8,9,10",5711,5501,5438,5774,0.941808,0.058192,0.038175
i,11,"1,2,3,4,5,6,7,8,9,10,11",5635,5501,5431,5705,0.951972,0.048028,0.024359
i,12,"1,2,3,4,5,6,7,8,9,10,11,12",5607,5501,5422,5686,0.953570,0.046430,0.019269
i,13,"1,2,3,4,5,6,7,8,9,10,11,12,13",5671,5501,5466,5706,0.957939,0.042061,0.030903
i,14,"1,2,3,4,5,6,7,8,9,10,11,12,13,14",5798,5501,5472,5827,0.939077,0.060923,0.053990
i,15,"1,2,3,4,5,6,7,8,9,10,11,12,13,14,15",5656,5501,5477,5680,0.964261,0.035739,0.028177
i,16,"1,2,3,4,5,6,7,8,9,10,11,12,13,14,15,16",5567,5501,5459,5609,0.973257,0.026743,0.011998
i,17,"1,2,3,4,5,6,7,8,9,10,11,12,13,14,15,16,17",5488,5501,5420,5569,0.973245,0.026755,0.002363
i,18,"1,2,3,4,5,6,7,8,9,10,11,12,13,14,15,16,17,18",5431,5501,5405,5527,0.977927,0.022073,0.012725
i,19,"1,2,3,4,5,6,7,8,9,10,11,12,13,14,15,16,17,18,19",5423,5501,5392,5532,0.974693,0.025307,0.014179
i,20,"1,2,3,4,5,6,7,8,9,10,11,12,13,14,15,16,17,18,19,20",5498,5501,5458,5541,0.985021,0.014979,0.000545
i,21,"1,2,3,4,5,6,7,8,9,10,11,12,13,14,15,16,17,18,19,20,21",5468,5501,5442,5527,0.984621,0.015379,0.005999
i,22,"1,2,3,4,5,6,7,8,9,10,11,12,13,14,15,16,17,18,19,20,21,22",5544,5501,5481,5564,0.985083,0.014917,0.007817
i,23,"1,2,3,4,5,6,7,8,9,10,11,12,13,14,15,16,17,18,19,20,21,22,23",5500,5501,5446,5555,0.980378,0.019622,0.000182
i,24,"1,2,3,4,5,6,7,8,9,10,11,12,13,14,15,16,17,18,19,20,21,22,23,24",5551,5501,5488,5564,0.986341,0.013659,0.009089
i,25,"1,2,3,4,5,6,7,8,9,10,11,12,13,14,15,16,17,18,19,20,21,22,23,24,25",5501,5501,5501,5501,1.000000,0.000000,0.000000
o,1,1,1181,3654,1181,3654,0.323207,0.676793,0.676793
o,2,"1,2",3057,3654,2541,4170,0.609353,0.390647,0.163383
o,3,"1,2,3",3250,3654,3163,3741,0.845496,0.154504,0.110564
o,4,"1,2,3,4",3343,3654,3235,3762,0.859915,0.140085,0.085112
o,5,"1,2,3,4,5",3466,3654,3397,3723,0.912436,0.087564,0.051450
o,6,"1,2,3,4,5,6",3722,3654,3529,3847,0.917338,0.082662,0.018610
o,7,"1,2,3,4,5,6,7",3691,3654,3496,3849,0.908288,0.091712,0.010126
o,8,"1,2,3,4,5,6,7,8",3595,3654,3413,3836,0.889729,0.110271,0.016147
o,9,"1,2,3,4,5,6,7,8,9",3427,3654,3292,3789,0.868831,0.131169,0.062124
o,10,"1,2,3,4,5,6,7,8,9,10",3412,3654,3310,3756,0.881257,0.118743,0.066229
o,11,"1,2,3,4,5,6,7,8,9,10,11",3421,3654,3358,3717,0.903417,0.096583,0.063766
o,12,"1,2,3,4,5,6,7,8,9,10,11,12",3380,3654,3339,3695,0.903654,0.096346,0.074986
o,13,"1,2,3,4,5,6,7,8,9,10,11,12,13",3342,3654,3304,3692,0.894908,0.105092,0.085386
o,14,"1,2,3,4,5,6,7,8,9,10,11,12,13,14",3300,3654,3270,3684,0.887622,0.112378,0.096880
o,15,"1,2,3,4,5,6,7,8,9,10,11,12,13,14,15",3416,3654,3383,3687,0.917548,0.082452,0.065134
o,16,"1,2,3,4,5,6,7,8,9,10,11,12,13,14,15,16",3443,3654,3434,3663,0.937483,0.062517,0.057745
o,17,"1,2,3,4,5,6,7,8,9,10,11,12,13,14,15,16,17",3433,3654,3422,3665,0.933697,0.066303,0.060482
o,18,"1,2,3,4,5,6,7,8,9,10,11,12,13,14,15,16,17,18",3510,3654,3493,3671,0.951512,0.048488,0.039409
o,19,"1,2,3,4,5,6,7,8,9,10,11,12,13,14,15,16,17,18,19",3523,3654,3508,3669,0.956119,0.043881,0.035851
o,20,"1,2,3,4,5,6,7,8,9,10,11,12,13,14,15,16,17,18,19,20",3574,3654,3564,3664,0.972707,0.027293,0.021894
o,21,"1,2,3,4,5,6,7,8,9,10,11,12,13,14,15,16,17,18,19,20,21",3616,3654,3601,3669,0.981466,0.018534,0.010400
o,22,"1,2,3,4,5,6,7,8,9,10,11,12,13,14,15,16,17,18,19,20,21,22",3571,3654,3571,3654,0.977285,0.022715,0.022715
o,23,"1,2,3,4,5,6,7,8,9,10,11,12,13,14,15,16,17,18,19,20,21,22,23",3601,3654,3600,3655,0.984952,0.015048,0.014505
o,24,"1,2,3,4,5,6,7,8,9,10,11,12,13,14,15,16,17,18,19,20,21,22,23,24",3585,3654,3585,3654,0.981117,0.018883,0.018883
o,25,"1,2,3,4,5,6,7,8,9,10,11,12,13,14,15,16,17,18,19,20,21,22,23,24,25",3654,3654,3654,3654,1.000000,0.000000,0.000000
p,1,1,10249,6625,6625,10249,0.646405,0.353595,0.547019
p,2,"1,2",4752,6625,4645,6732,0.689988,0.310012,0.282717
p,3,"1,2,3",6064,6625,6024,6665,0.903826,0.096174,0.084679
p,4,"1,2,3,4",6216,6625,6163,6678,0.922881,0.077119,0.061736
p,5,"1,2,3,4,5",6290,6625,6290,6625,0.949434,0.050566,0.050566
p,6,"1,2,3,4,5,6",6243,6625,6243,6625,0.942340,0.057660,0.057660
p,7,"1,2,3,4,5,6,7",6553,6625,6444,6734,0.956935,0.043065,0.010868
p,8,"1,2,3,4,5,6,7,8",6485,6625,6420,6690,0.959641,0.040359,0.021132
p,9,"1,2,3,4,5,6,7,8,9",6719,6625,6432,6912,0.930556,0.069444,0.014189
p,10,"1,2,3,4,5,6,7,8,9,10",6603,6625,6397,6831,0.936466,0.063534,0.003321
p,11,"1,2,3,4,5,6,7,8,9,10,11",6519,6625,6410,6734,0.951886,0.048114,0.016000
p,12,"1,2,3,4,5,6,7,8,9,10,11,12",6557,6625,6466,6716,0.962775,0.037225,0.010264
p,13,"1,2,3,4,5,6,7,8,9,10,11,12,13",6541,6625,6454,6712,0.961561,0.038439,0.012679
p,14,"1,2,3,4,5,6,7,8,9,10,11,12,13,14",6568,6625,6478,6715,0.964706,0.035294,0.008604
p,15,"1,2,3,4,5,6,7,8,9,10,11,12,13,14,15",6542,6625,6464,6703,0.964344,0.035656,0.012528
p,16,"1,2,3,4,5,6,7,8,9,10,11,12,13,14,15,16",6573,6625,6491,6707,0.967795,0.032205,0.007849
p,17,"1,2,3,4,5,6,7,8,9,10,11,12,13,14,15,16,17",6661,6625,6481,6805,0.952388,0.047612,0.005434
p,18,"1,2,3,4,5,6,7,8,9,10,11,12,13,14,15,16,17,18",6558,6625,6459,6724,0.960589,0.039411,0.010113
p,19,"1,2,3,4,5,6,7,8,9,10,11,12,13,14,15,16,17,18,19",6522,6625,6460,6687,0.966054,0.033946,0.015547
p,20,"1,2,3,4,5,6,7,8,9,10,11,12,13,14,15,16,17,18,19,20",6496,6625,6473,6648,0.973676,0.026324,0.019472
p,21,"1,2,3,4,5,6,7,8,9,10,11,12,13,14,15,16,17,18,19,20,21",6551,6625,6518,6658,0.978973,0.021027,0.011170
p,22,"1,2,3,4,5,6,7,8,9,10,11,12,13,14,15,16,17,18,19,20,21,22",6630,6625,6555,6700,0.978358,0.021642,0.000755
p,23,"1,2,3,4,5,6,7,8,9,10,11,12,13,14,15,16,17,18,19,20,21,22,23",6570,6625,6555,6640,0.987199,0.012801,0.008302
p,24,"1,2,3,4,5,6,7,8,9,10,11,12,13,14,15,16,17,18,19,20,21,22,23,24",6676,6625,6621,6680,0.991168,0.008832,0.007698
p,25,"1,2,3,4,5,6,7,8,9,10,11,12,13,14,15,16,17,18,19,20,21,22,23,24,25",6625,6625,6625,6625,1.000000,0.000000,0.000000
a,1,1,3943,7646,3727,7862,0.474052,0.525948,0.484306
a,2,"1,2",4150,7646,4043,7753,0.521476,0.478524,0.457233
a,3,"1,2,3",3675,7646,3557,7764,0.458140,0.541860,0.519357
a,4,"1,2,3,4",10113,7646,7646,10113,0.756057,0.243943,0.322652
a,5,"1,2,3,4,5",9696,7646,7618,9724,0.783422,0.216578,0.268114
a,6,"1,2,3,4,5,6",9293,7646,7591,9348,0.812045,0.187955,0.215407
a,7,"1,2,3,4,5,6,7",9491,7646,7619,9518,0.800483,0.199517,0.241303
a,8,"1,2,3,4,5,6,7,8",8173,7646,7149,8670,0.824567,0.175433,0.068925
a,9,"1,2,3,4,5,6,7,8,9",8613,7646,7489,8770,0.853934,0.146066,0.126471
a,10,"1,2,3,4,5,6,7,8,9,10",8434,7646,7540,8540,0.882904,0.117096,0.103060
a,11,"1,2,3,4,5,6,7,8,9,10,11",7594,7646,7112,8128,0.875000,0.125000,0.006801
a,12,"1,2,3,4,5,6,7,8,9,10,11,12",7396,7646,7199,7843,0.917889,0.082111,0.032697
a,13,"1,2,3,4,5,6,7,8,9,10,11,12,13",7339,7646,7187,7798,0.921647,0.078353,0.040152
a,14,"1,2,3,4,5,6,7,8,9,10,11,12,13,14",7294,7646,7219,7721,0.934983,0.065017,0.046037
a,15,"1,2,3,4,5,6,7,8,9,10,11,12,13,14,15",7309,7646,7244,7711,0.939437,0.060563,0.044075
a,16,"1,2,3,4,5,6,7,8,9,10,11,12,13,14,15,16",7337,7646,7273,7710,0.943320,0.056680,0.040413
a,17,"1,2,3,4,5,6,7,8,9,10,11,12,13,14,15,16,17",7265,7646,7213,7698,0.936997,0.063003,0.049830
a,18,"1,2,3,4,5,6,7,8,9,10,11,12,13,14,15,16,17,18",7470,7646,7407,7709,0.960825,0.039175,0.023019
a,19,"1,2,3,4,5,6,7,8,9,10,11,12,13,14,15,16,17,18,19",7472,7646,7427,7691,0.965674,0.034326,0.022757
a,20,"1,2,3,4,5,6,7,8,9,10,11,12,13,14,15,16,17,18,19,20",7442,7646,7399,7689,0.962284,0.037716,0.026681
a,21,"1,2,3,4,5,6,7,8,9,10,11,12,13,14,15,16,17,18,19,20,21",7395,7646,7362,7679,0.958719,0.041281,0.032828
a,22,"1,2,3,4,5,6,7,8,9,10,11,12,13,14,15,16,17,18,19,20,21,22",7450,7646,7428,7668,0.968701,0.031299,0.025634
a,23,"1,2,3,4,5,6,7,8,9,10,11,12,13,14,15,16,17,18,19,20,21,22,23",7540,7646,7532,7654,0.984061,0.015939,0.013863
a,24,"1,2,3,4,5,6,7,8,9,10,11,12,13,14,15,16,17,18,19,20,21,22,23,24",7560,7646,7546,7660,0.985117,0.014883,0.011248
a,25,"1,2,3,4,5,6,7,8,9,10,11,12,13,14,15,16,17,18,19,20,21,22,23,24,25",7646,7646,7646,7646,1.000000,0.000000,0.000000
s,1,1,2372,5047,2372,5047,0.469982,0.530018,0.530018
s,2,"1,2",3899,5047,3746,5200,0.720385,0.279615,0.227462
s,3,"1,2,3",3589,5047,3563,5073,0.702346,0.297654,0.288884
s,4,"1,2,3,4",4535,5047,4429,5153,0.859499,0.140501,0.101446
s,5,"1,2,3,4,5",4622,5047,4530,5139,0.881494,0.118506,0.084208
s,6,"1,2,3,4,5,6",4716,5047,4574,5189,0.881480,0.118520,0.065584
s,7,"1,2,3,4,5,6,7",4673,5047,4517,5203,0.868153,0.131847,0.074103
s,8,"1,2,3,4,5,6,7,8",5114,5047,4779,5382,0.887960,0.112040,0.013275
s,9,"1,2,3,4,5,6,7,8,9",5188,5047,4770,5465,0.872827,0.127173,0.027937
s,10,"1,2,3,4,5,6,7,8,9,10",5366,5047,4910,5503,0.892241,0.107759,0.063206
s,11,"1,2,3,4,5,6,7,8,9,10,11",4976,5047,4840,5183,0.933822,0.066178,0.014068
s,12,"1,2,3,4,5,6,7,8,9,10,11,12",4740,5047,4651,5136,0.905569,0.094431,0.060828
s,13,"1,2,3,4,5,6,7,8,9,10,11,12,13",4756,5047,4717,5086,0.927448,0.072552,0.057658
s,14,"1,2,3,4,5,6,7,8,9,10,11,12,13,14",4803,5047,4764,5086,0.936689,0.063311,0.048346
s,15,"1,2,3,4,5,6,7,8,9,10,11,12,13,14,15",4773,5047,4756,5064,0.939179,0.060821,0.054290
s,16,"1,2,3,4,5,6,7,8,9,10,11,12,13,14,15,16",4728,5047,4724,5051,0.935260,0.064740,0.063206
s,17,"1,2,3,4,5,6,7,8,9,10,11,12,13,14,15,16,17",4805,5047,4805,5047,0.952051,0.047949,0.047949
s,18,"1,2,3,4,5,6,7,8,9,10,11,12,13,14,15,16,17,18",4904,5047,4868,5083,0.957702,0.042298,0.028334
s,19,"1,2,3,4,5,6,7,8,9,10,11,12,13,14,15,16,17,18,19",4871,5047,4860,5058,0.960854,0.039146,0.034872
s,20,"1,2,3,4,5,6,7,8,9,10,11,12,13,14,15,16,17,18,19,20",4893,5047,4866,5074,0.959007,0.040993,0.030513
s,21,"1,2,3,4,5,6,7,8,9,10,11,12,13,14,15,16,17,18,19,20,21",4923,5047,4887,5083,0.961440,0.038560,0.024569
s,22,"1,2,3,4,5,6,7,8,9,10,11,12,13,14,15,16,17,18,19,20,21,22",4919,5047,4912,5054,0.971903,0.028097,0.025362
s,23,"1,2,3,4,5,6,7,8,9,10,11,12,13,14,15,16,17,18,19,20,21,22,23",4983,5047,4966,5064,0.980648,0.019352,0.012681
s,24,"1,2,3,4,5,6,7,8,9,10,11,12,13,14,15,16,17,18,19,20,21,22,23,24",4995,5047,4986,5056,0.986155,0.013845,0.010303
s,25,"1,2,3,4,5,6,7,8,9,10,11,12,13,14,15,16,17,18,19,20,21,22,23,24,25",5047,5047,5047,5047,1.000000,0.000000,0.000000
d,1,1,3368,3796,2756,4408,0.625227,0.374773,0.112750
d,2,"1,2",3162,3796,3032,3926,0.772287,0.227713,0.167018
d,3,"1,2,3",3506,3796,3170,4132,0.767183,0.232817,0.076396
d,4,"1,2,3,4",4302,3796,3759,4339,0.866329,0.133671,0.133298
d,5,"1,2,3,4,5",4213,3796,3736,4273,0.874327,0.125673,0.109852
d,6,"1,2,3,4,5,6",4257,3796,3762,4291,0.876719,0.123281,0.121444
d,7,"1,2,3,4,5,6,7",4285,3796,3785,4296,0.881052,0.118948,0.128820
d,8,"1,2,3,4,5,6,7,8",4086,3796,3772,4110,0.917762,0.082238,0.076396
d,9,"1,2,3,4,5,6,7,8,9",4048,3796,3787,4057,0.933448,0.066552,0.066386
d,10,"1,2,3,4,5,6,7,8,9,10",3889,3796,3717,3968,0.936744,0.063256,0.024499
d,11,"1,2,3,4,5,6,7,8,9,10,11",3773,3796,3647,3922,0.929883,0.070117,0.006059
d,12,"1,2,3,4,5,6,7,8,9,10,11,12",3781,3796,3662,3915,0.935377,0.064623,0.003952
d,13,"1,2,3,4,5,6,7,8,9,10,11,12,13",4085,3796,3764,4117,0.914258,0.085742,0.076133
d,14,"1,2,3,4,5,6,7,8,9,10,11,12,13,14",3986,3796,3777,4005,0.943071,0.056929,0.050053
d,15,"1,2,3,4,5,6,7,8,9,10,11,12,13,14,15",3992,3796,3779,4009,0.942629,0.057371,0.051633
d,16,"1,2,3,4,5,6,7,8,9,10,11,12,13,14,15,16",3975,3796,3792,3979,0.953003,0.046997,0.047155
d,17,"1,2,3,4,5,6,7,8,9,10,11,12,13,14,15,16,17",3894,3796,3783,3907,0.968262,0.031738,0.025817
d,18,"1,2,3,4,5,6,7,8,9,10,11,12,13,14,15,16,17,18",3840,3796,3746,3890,0.962982,0.037018,0.011591
d,19,"1,2,3,4,5,6,7,8,9,10,11,12,13,14,15,16,17,18,19",3882,3796,3773,3905,0.966197,0.033803,0.022655
d,20,"1,2,3,4,5,6,7,8,9,10,11,12,13,14,15,16,17,18,19,20",3870,3796,3763,3903,0.964130,0.035870,0.019494
d,21,"1,2,3,4,5,6,7,8,9,10,11,12,13,14,15,16,17,18,19,20,21",3879,3796,3760,3915,0.960409,0.039591,0.021865
d,22,"1,2,3,4,5,6,7,8,9,10,11,12,13,14,15,16,17,18,19,20,21,22",3859,3796,3785,3870,0.978036,0.021964,0.016596
d,23,"1,2,3,4,5,6,7,8,9,10,11,12,13,14,15,16,17,18,19,20,21,22,23",3872,3796,3796,3872,0.980372,0.019628,0.020021
d,24,"1,2,3,4,5,6,7,8,9,10,11,12,13,14,15,16,17,18,19,20,21,22,23,24",3820,3796,3791,3825,0.991111,0.008889,0.006322
d,25,"1,2,3,4,5,6,7,8,9,10,11,12,13,14,15,16,17,18,19,20,21,22,23,24,25",3796,3796,3796,3796,1.000000,0.000000,0.000000
f,1,1,2470,2966,2059,3377,0.609713,0.390287,0.167229
f,2,"1,2",2535,2966,2348,3153,0.744688,0.255312,0.145314
f,3,"1,2,3",1820,2966,1820,2966,0.613621,0.386379,0.386379
f,4,"1,2,3,4",1967,2966,1967,2966,0.663183,0.336817,0.336817
f,5,"1,2,3,4,5",2375,2966,2375,2966,0.800742,0.199258,0.199258
f,6,"1,2,3,4,5,6",2557,2966,2542,2981,0.852734,0.147266,0.137896
f,7,"1,2,3,4,5,6,7",2644,2966,2630,2980,0.882550,0.117450,0.108564
f,8,"1,2,3,4,5,6,7,8",2691,2966,2672,2985,0.895142,0.104858,0.092717
f,9,"1,2,3,4,5,6,7,8,9",2706,2966,2702,2970,0.909764,0.090236,0.087660
f,10,"1,2,3,4,5,6,7,8,9,10",2931,2966,2837,3060,0.927124,0.072876,0.011800
f,11,"1,2,3,4,5,6,7,8,9,10,11",2917,2966,2847,3036,0.937747,0.062253,0.016521
f,12,"1,2,3,4,5,6,7,8,9,10,11,12",2822,2966,2798,2990,0.935786,0.064214,0.048550
f,13,"1,2,3,4,5,6,7,8,9,10,11,12,13",2752,2966,2750,2968,0.926550,0.073450,0.072151
f,14,"1,2,3,4,5,6,7,8,9,10,11,12,13,14",2943,2966,2923,2986,0.978902,0.021098,0.007755
f,15,"1,2,3,4,5,6,7,8,9,10,11,12,13,14,15",2949,2966,2889,3026,0.954726,0.045274,0.005732
f,16,"1,2,3,4,5,6,7,8,9,10,11,12,13,14,15,16",2941,2966,2899,3008,0.963763,0.036237,0.008429
f,17,"1,2,3,4,5,6,7,8,9,10,11,12,13,14,15,16,17",3018,2966,2930,3054,0.959398,0.040602,0.017532
f,18,"1,2,3,4,5,6,7,8,9,10,11,12,13,14,15,16,17,18",3018,2966,2936,3048,0.963255,0.036745,0.017532
f,19,"1,2,3,4,5,6,7,8,9,10,11,12,13,14,15,16,17,18,19",3006,2966,2941,3031,0.970307,0.029693,0.013486
f,20,"1,2,3,4,5,6,7,8,9,10,11,12,13,14,15,16,17,18,19,20",3030,2966,2952,3044,0.969777,0.030223,0.021578
f,21,"1,2,3,4,5,6,7,8,9,10,11,12,13,14,15,16,17,18,19,20,21",2987,2966,2927,3026,0.967284,0.032716,0.007080
f,22,"1,2,3,4,5,6,7,8,9,10,11,12,13,14,15,16,17,18,19,20,21,22",2933,2966,2912,2987,0.974891,0.025109,0.011126
f,23,"1,2,3,4,5,6,7,8,9,10,11,12,13,14,15,16,17,18,19,20,21,22,23",2930,2966,2917,2979,0.979188,0.020812,0.012138
f,24,"1,2,3,4,5,6,7,8,9,10,11,12,13,14,15,16,17,18,19,20,21,22,23,24",2965,2966,2954,2977,0.992274,0.007726,0.000337
f,25,"1,2,3,4,5,6,7,8,9,10,11,12,13,14,15,16,17,18,19,20,21,22,23,24,25",2966,2966,2966,2966,1.000000,0.000000,0.000000
g,1,1,2867,4666,2549,4984,0.511437,0.488563,0.385555
g,2,"1,2",5176,4666,4408,5434,0.811189,0.188811,0.109301
g,3,"1,2,3",6399,4666,4620,6445,0.716835,0.283165,0.371410
g,4,"1,2,3,4",5730,4666,4498,5898,0.762631,0.237369,0.228033
g,5,"1,2,3,4,5",5495,4666,4507,5654,0.797135,0.202865,0.177668
g,6,"1,2,3,4,5,6",5240,4666,4489,5417,0.828687,0.171313,0.123018
g,7,"1,2,3,4,5,6,7",5169,4666,4539,5296,0.857062,0.142938,0.107801
g,8,"1,2,3,4,5,6,7,8",5167,4666,4581,5252,0.872239,0.127761,0.107372
g,9,"1,2,3,4,5,6,7,8,9",5103,4666,4558,5211,0.874688,0.125312,0.093656
g,10,"1,2,3,4,5,6,7,8,9,10",5017,4666,4545,5138,0.884585,0.115415,0.075225
g,11,"1,2,3,4,5,6,7,8,9,10,11",4916,4666,4509,5073,0.888823,0.111177,0.053579
g,12,"1,2,3,4,5,6,7,8,9,10,11,12",4757,4666,4518,4905,0.921101,0.078899,0.019503
g,13,"1,2,3,4,5,6,7,8,9,10,11,12,13",4697,4666,4531,4832,0.937707,0.062293,0.006644
g,14,"1,2,3,4,5,6,7,8,9,10,11,12,13,14",4622,4666,4535,4753,0.954134,0.045866,0.009430
g,15,"1,2,3,4,5,6,7,8,9,10,11,12,13,14,15",4557,4666,4501,4722,0.953198,0.046802,0.023360
g,16,"1,2,3,4,5,6,7,8,9,10,11,12,13,14,15,16",4570,4666,4493,4743,0.947291,0.052709,0.020574
g,17,"1,2,3,4,5,6,7,8,9,10,11,12,13,14,15,16,17",4554,4666,4486,4734,0.947613,0.052387,0.024003
g,18,"1,2,3,4,5,6,7,8,9,10,11,12,13,14,15,16,17,18",4558,4666,4507,4717,0.955480,0.044520,0.023146
g,19,"1,2,3,4,5,6,7,8,9,10,11,12,13,14,15,16,17,18,19",4590,4666,4548,4708,0.966015,0.033985,0.016288
g,20,"1,2,3,4,5,6,7,8,9,10,11,12,13,14,15,16,17,18,19,20",4619,4666,4574,4711,0.970919,0.029081,0.010073
g,21,"1,2,3,4,5,6,7,8,9,10,11,12,13,14,15,16,17,18,19,20,21",4596,4666,4568,4694,0.973157,0.026843,0.015002
g,22,"1,2,3,4,5,6,7,8,9,10,11,12,13,14,15,16,17,18,19,20,21,22",4591,4666,4572,4685,0.975880,0.024120,0.016074
g,23,"1,2,3,4,5,6,7,8,9,10,11,12,13,14,15,16,17,18,19,20,21,22,23",4601,4666,4590,4677,0.981398,0.018602,0.013931
g,24,"1,2,3,4,5,6,7,8,9,10,11,12,13,14,15,16,17,18,19,20,21,22,23,24",4633,4666,4613,4686,0.984422,0.015578,0.007072
g,25,"1,2,3,4,5,6,7,8,9,10,11,12,13,14,15,16,17,18,19,20,21,22,23,24,25",4666,4666,4666,4666,1.000000,0.000000,0.000000
h,1,1,3043,2989,2407,3625,0.664000,0.336000,0.018066
h,2,"1,2",3630,2989,2683,3936,0.681657,0.318343,0.214453
h,3,"1,2,3",3359,2989,2831,3517,0.804947,0.195053,0.123787
h,4,"1,2,3,4",3051,2989,2830,3210,0.881620,0.118380,0.020743
h,5,"1,2,3,4,5",2994,2989,2814,3169,0.887977,0.112023,0.001673
h,6,"1,2,3,4,5,6",3043,2989,2831,3201,0.884411,0.115589,0.018066
h,7,"1,2,3,4,5,6,7",3032,2989,2848,3173,0.897573,0.102427,0.014386
h,8,"1,2,3,4,5,6,7,8",3080,2989,2876,3193,0.900720,0.099280,0.030445
h,9,"1,2,3,4,5,6,7,8,9",3078,2989,2884,3183,0.906063,0.093937,0.029776
h,10,"1,2,3,4,5,6,7,8,9,10",3011,2989,2835,3165,0.895735,0.104265,0.007360
h,11,"1,2,3,4,5,6,7,8,9,10,11",3031,2989,2824,3196,0.883605,0.116395,0.014052
h,12,"1,2,3,4,5,6,7,8,9,10,11,12",3014,2989,2850,3153,0.903901,0.096099,0.008364
h,13,"1,2,3,4,5,6,7,8,9,10,11,12,13",2924,2989,2879,3034,0.948912,0.051088,0.021746
h,14,"1,2,3,4,5,6,7,8,9,10,11,12,13,14",2938,2989,2886,3041,0.949030,0.050970,0.017063
h,15,"1,2,3,4,5,6,7,8,9,10,11,12,13,14,15",2987,2989,2917,3059,0.953580,0.046420,0.000669
h,16,"1,2,3,4,5,6,7,8,9,10,11,12,13,14,15,16",2945,2989,2896,3038,0.953259,0.046741,0.014721
h,17,"1,2,3,4,5,6,7,8,9,10,11,12,13,14,15,16,17",2907,2989,2877,3019,0.952965,0.047035,0.027434
h,18,"1,2,3,4,5,6,7,8,9,10,11,12,13,14,15,16,17,18",2913,2989,2891,3011,0.960146,0.039854,0.025427
h,19,"1,2,3,4,5,6,7,8,9,10,11,12,13,14,15,16,17,18,19",2908,2989,2895,3002,0.964357,0.035643,0.027099
h,20,"1,2,3,4,5,6,7,8,9,10,11,12,13,14,15,16,17,18,19,20",2909,2989,2901,2997,0.967968,0.032032,0.026765
h,21,"1,2,3,4,5,6,7,8,9,10,11,12,13,14,15,16,17,18,19,20,21",2926,2989,2908,3007,0.967077,0.032923,0.021077
h,22,"1,2,3,4,5,6,7,8,9,10,11,12,13,14,15,16,17,18,19,20,21,22",2954,2989,2925,3018,0.969185,0.030815,0.011710
h,23,"1,2,3,4,5,6,7,8,9,10,11,12,13,14,15,16,17,18,19,20,21,22,23",2976,2989,2950,3015,0.978441,0.021559,0.004349
h,24,"1,2,3,4,5,6,7,8,9,10,11,12,13,14,15,16,17,18,19,20,21,22,23,24",2981,2989,2969,3001,0.989337,0.010663,0.002676
h,25,"1,2,3,4,5,6,7,8,9,10,11,12,13,14,15,16,17,18,19,20,21,22,23,24,25",2989,2989,2989,2989,1.000000,0.000000,0.000000
j,1,1,7123,3933,3800,7256,0.523705,0.476295,0.811086
j,2,"1,2",5632,3933,3878,5687,0.681906,0.318094,0.431986
j,3,"1,2,3",3835,3933,3528,4240,0.832075,0.167925,0.024917
j,4,"1,2,3,4",3685,3933,3549,4069,0.872204,0.127796,0.063056
j,5,"1,2,3,4,5",3563,3933,3494,4002,0.873063,0.126937,0.094076
j,6,"1,2,3,4,5,6",3403,3933,3386,3950,0.857215,0.142785,0.134757
j,7,"1,2,3,4,5,6,7",3288,3933,3286,3935,0.835070,0.164930,0.163997
j,8,"1,2,3,4,5,6,7,8",3234,3933,3225,3942,0.818113,0.181887,0.177727
j,9,"1,2,3,4,5,6,7,8,9",3226,3933,3226,3933,0.820239,0.179761,0.179761
j,10,"1,2,3,4,5,6,7,8,9,10",3275,3933,3272,3936,0.831301,0.168699,0.167302
j,11,"1,2,3,4,5,6,7,8,9,10,11",3370,3933,3293,4010,0.821197,0.178803,0.143148
j,12,"1,2,3,4,5,6,7,8,9,10,11,12",3303,3933,3270,3966,0.824508,0.175492,0.160183
j,13,"1,2,3,4,5,6,7,8,9,10,11,12,13",3922,3933,3843,4012,0.957876,0.042124,0.002797
j,14,"1,2,3,4,5,6,7,8,9,10,11,12,13,14",3923,3933,3847,4009,0.959591,0.040409,0.002543
j,15,"1,2,3,4,5,6,7,8,9,10,11,12,13,14,15",3908,3933,3823,4018,0.951468,0.048532,0.006356
j,16,"1,2,3,4,5,6,7,8,9,10,11,12,13,14,15,16",3917,3933,3817,4033,0.946442,0.053558,0.004068
j,17,"1,2,3,4,5,6,7,8,9,10,11,12,13,14,15,16,17",3923,3933,3835,4021,0.953743,0.046257,0.002543
j,18,"1,2,3,4,5,6,7,8,9,10,11,12,13,14,15,16,17,18",4007,3933,3901,4039,0.965833,0.034167,0.018815
j,19,"1,2,3,4,5,6,7,8,9,10,11,12,13,14,15,16,17,18,19",4044,3933,3906,4071,0.959469,0.040531,0.028223
j,20,"1,2,3,4,5,6,7,8,9,10,11,12,13,14,15,16,17,18,19,20",3916,3933,3866,3983,0.970625,0.029375,0.004322
j,21,"1,2,3,4,5,6,7,8,9,10,11,12,13,14,15,16,17,18,19,20,21",3929,3933,3866,3996,0.967467,0.032533,0.001017
j,22,"1,2,3,4,5,6,7,8,9,10,11,12,13,14,15,16,17,18,19,20,21,22",3906,3933,3854,3985,0.967127,0.032873,0.006865
j,23,"1,2,3,4,5,6,7,8,9,10,11,12,13,14,15,16,17,18,19,20,21,22,23",3898,3933,3854,3977,0.969072,0.030928,0.008899
j,24,"1,2,3,4,5,6,7,8,9,10,11,12,13,14,15,16,17,18,19,20,21,22,23,24",3903,3933,3871,3965,0.976293,0.023707,0.007628
j,25,"1,2,3,4,5,6,7,8,9,10,11,12,13,14,15,16,17,18,19,20,21,22,23,24,25",3933,3933,3933,3933,1.000000,0.000000,0.000000
k,1,1,1540,2899,1540,2899,0.531218,0.468782,0.468782
k,2,"1,2",2329,2899,2187,3041,0.719171,0.280829,0.196620
k,3,"1,2,3",3035,2899,2809,3125,0.898880,0.101120,0.046913
k,4,"1,2,3,4",2927,2899,2819,3007,0.937479,0.062521,0.009659
k,5,"1,2,3,4,5",2786,2899,2697,2988,0.902610,0.097390,0.038979
k,6,"1,2,3,4,5,6",3088,2899,2812,3175,0.885669,0.114331,0.065195
k,7,"1,2,3,4,5,6,7",3129,2899,2824,3204,0.881398,0.118602,0.079338
k,8,"1,2,3,4,5,6,7,8",3190,2899,2823,3266,0.864360,0.135640,0.100379
k,9,"1,2,3,4,5,6,7,8,9",3184,2899,2864,3219,0.889717,0.110283,0.098310
k,10,"1,2,3,4,5,6,7,8,9,10",3046,2899,2826,3119,0.906060,0.093940,0.050707
k,11,"1,2,3,4,5,6,7,8,9,10,11",3031,2899,2830,3100,0.912903,0.087097,0.045533
k,12,"1,2,3,4,5,6,7,8,9,10,11,12",3038,2899,2800,3137,0.892573,0.107427,0.047948
k,13,"1,2,3,4,5,6,7,8,9,10,11,12,13",2910,2899,2769,3040,0.910855,0.089145,0.003794
k,14,"1,2,3,4,5,6,7,8,9,10,11,12,13,14",2888,2899,2765,3022,0.914957,0.085043,0.003794
k,15,"1,2,3,4,5,6,7,8,9,10,11,12,13,14,15",2920,2899,2790,3029,0.921096,0.078904,0.007244
k,16,"1,2,3,4,5,6,7,8,9,10,11,12,13,14,15,16",2956,2899,2824,3031,0.931706,0.068294,0.019662
k,17,"1,2,3,4,5,6,7,8,9,10,11,12,13,14,15,16,17",2916,2899,2799,3016,0.928050,0.071950,0.005864
k,18,"1,2,3,4,5,6,7,8,9,10,11,12,13,14,15,16,17,18",2877,2899,2798,2978,0.939557,0.060443,0.007589
k,19,"1,2,3,4,5,6,7,8,9,10,11,12,13,14,15,16,17,18,19",2888,2899,2812,2975,0.945210,0.054790,0.003794
k,20,"1,2,3,4,5,6,7,8,9,10,11,12,13,14,15,16,17,18,19,20",2936,2899,2853,2982,0.956740,0.043260,0.012763
k,21,"1,2,3,4,5,6,7,8,9,10,11,12,13,14,15,16,17,18,19,20,21",2898,2899,2847,2950,0.965085,0.034915,0.000345
k,22,"1,2,3,4,5,6,7,8,9,10,11,12,13,14,15,16,17,18,19,20,21,22",2896,2899,2855,2940,0.971088,0.028912,0.001035
k,23,"1,2,3,4,5,6,7,8,9,10,11,12,13,14,15,16,17,18,19,20,21,22,23",2896,2899,2852,2943,0.969079,0.030921,0.001035
k,24,"1,2,3,4,5,6,7,8,9,10,11,12,13,14,15,16,17,18,19,20,21,22,23,24",2925,2899,2889,2935,0.984327,0.015673,0.008969
k,25,"1,2,3,4,5,6,7,8,9,10,11,12,13,14,15,16,17,18,19,20,21,22,23,24,25",2899,2899,2899,2899,1.000000,0.000000,0.000000
l,1,1,3941,3169,2858,4252,0.672154,0.327846,0.243610
l,2,"1,2",4752,3169,3114,4807,0.647805,0.352195,0.499527
l,3,"1,2,3",3545,3169,3019,3695,0.817050,0.182950,0.118649
l,4,"1,2,3,4",3460,3169,3121,3508,0.889681,0.110319,0.091827
l,5,"1,2,3,4,5",3875,3169,3138,3906,0.803379,0.196621,0.222783
l,6,"1,2,3,4,5,6",3518,3169,3100,3587,0.864232,0.135768,0.110129
l,7,"1,2,3,4,5,6,7",3398,3169,3112,3455,0.900724,0.099276,0.072263
l,8,"1,2,3,4,5,6,7,8",3474,3169,3158,3485,0.906169,0.093831,0.096245
l,9,"1,2,3,4,5,6,7,8,9",3391,3169,3141,3419,0.918690,0.081310,0.070054
l,10,"1,2,3,4,5,6,7,8,9,10",3358,3169,3148,3379,0.931637,0.068363,0.059640
l,11,"1,2,3,4,5,6,7,8,9,10,11",3383,3169,3166,3386,0.935027,0.064973,0.067529
l,12,"1,2,3,4,5,6,7,8,9,10,11,12",3334,3169,3156,3347,0.942934,0.057066,0.052067
l,13,"1,2,3,4,5,6,7,8,9,10,11,12,13",3330,3169,3151,3348,0.941159,0.058841,0.050805
l,14,"1,2,3,4,5,6,7,8,9,10,11,12,13,14",3442,3169,3159,3452,0.915122,0.084878,0.086147
l,15,"1,2,3,4,5,6,7,8,9,10,11,12,13,14,15",3443,3169,3169,3443,0.920418,0.079582,0.086463
l,16,"1,2,3,4,5,6,7,8,9,10,11,12,13,14,15,16",3401,3169,3166,3404,0.930082,0.069918,0.073209
l,17,"1,2,3,4,5,6,7,8,9,10,11,12,13,14,15,16,17",3425,3169,3161,3433,0.920769,0.079231,0.080783
l,18,"1,2,3,4,5,6,7,8,9,10,11,12,13,14,15,16,17,18",3435,3169,3167,3437,0.921443,0.078557,0.083938
l,19,"1,2,3,4,5,6,7,8,9,10,11,12,13,14,15,16,17,18,19",3387,3169,3165,3391,0.933353,0.066647,0.068791
l,20,"1,2,3,4,5,6,7,8,9,10,11,12,13,14,15,16,17,18,19,20",3330,3169,3161,3338,0.946974,0.053026,0.050805
l,21,"1,2,3,4,5,6,7,8,9,10,11,12,13,14,15,16,17,18,19,20,21",3287,3169,3157,3299,0.956957,0.043043,0.037236
l,22,"1,2,3,4,5,6,7,8,9,10,11,12,13,14,15,16,17,18,19,20,21,22",3250,3169,3157,3262,0.967811,0.032189,0.025560
l,23,"1,2,3,4,5,6,7,8,9,10,11,12,13,14,15,16,17,18,19,20,21,22,23",3228,3169,3156,3241,0.973774,0.026226,0.018618
l,24,"1,2,3,4,5,6,7,8,9,10,11,12,13,14,15,16,17,18,19,20,21,22,23,24",3172,3169,3153,3188,0.989021,0.010979,0.000947
l,25,"1,2,3,4,5,6,7,8,9,10,11,12,13,14,15,16,17,18,19,20,21,22,23,24,25",3169,3169,3169,3169,1.000000,0.000000,0.000000
z,1,1,24538,14811,14302,25047,0.571007,0.428993,0.656742
z,2,"1,2",23834,14811,14302,24343,0.587520,0.412480,0.609209
z,3,"1,2,3",24199,14811,14302,24708,0.578841,0.421159,0.633853
z,4,"1,2,3,4",11987,14811,11008,15790,0.697150,0.302850,0.190669
z,5,"1,2,3,4,5",13448,14811,12751,15508,0.822221,0.177779,0.092026
z,6,"1,2,3,4,5,6",13605,14811,12688,15728,0.806714,0.193286,0.081426
z,7,"1,2,3,4,5,6,7",12772,14811,11989,15594,0.768821,0.231179,0.137668
z,8,"1,2,3,4,5,6,7,8",12743,14811,11936,15618,0.764246,0.235754,0.139626
z,9,"1,2,3,4,5,6,7,8,9",10745,14811,10341,15215,0.679658,0.320342,0.274526
z,10,"1,2,3,4,5,6,7,8,9,10",10909,14811,10795,14925,0.723283,0.276717,0.263453
z,11,"1,2,3,4,5,6,7,8,9,10,11",16730,14811,14064,17477,0.804715,0.195285,0.129566
z,12,"1,2,3,4,5,6,7,8,9,10,11,12",18290,14811,14811,18290,0.809787,0.190213,0.234893
z,13,"1,2,3,4,5,6,7,8,9,10,11,12,13",18291,14811,14809,18293,0.809545,0.190455,0.234961
z,14,"1,2,3,4,5,6,7,8,9,10,11,12,13,14",17402,14811,14809,17404,0.850896,0.149104,0.174938
z,15,"1,2,3,4,5,6,7,8,9,10,11,12,13,14,15",17424,14811,14809,17426,0.849822,0.150178,0.176423
z,16,"1,2,3,4,5,6,7,8,9,10,11,12,13,14,15,16",17472,14811,14811,17472,0.847699,0.152301,0.179664
z,17,"1,2,3,4,5,6,7,8,9,10,11,12,13,14,15,16,17",17489,14811,14811,17489,0.846875,0.153125,0.180812
z,18,"1,2,3,4,5,6,7,8,9,10,11,12,13,14,15,16,17,18",16623,14811,14796,16638,0.889290,0.110710,0.122342
z,19,"1,2,3,4,5,6,7,8,9,10,11,12,13,14,15,16,17,18,19",16302,14811,14800,16313,0.907252,0.092748,0.100668
z,20,"1,2,3,4,5,6,7,8,9,10,11,12,13,14,15,16,17,18,19,20",16340,14811,14806,16345,0.905843,0.094157,0.103234
z,21,"1,2,3,4,5,6,7,8,9,10,11,12,13,14,15,16,17,18,19,20,21",16397,14811,14811,16397,0.903275,0.096725,0.107083
z,22,"1,2,3,4,5,6,7,8,9,10,11,12,13,14,15,16,17,18,19,20,21,22",16182,14811,14811,16182,0.915276,0.084724,0.092566
z,23,"1,2,3,4,5,6,7,8,9,10,11,12,13,14,15,16,17,18,19,20,21,22,23",16076,14811,14811,16076,0.921311,0.078689,0.085409
z,24,"1,2,3,4,5,6,7,8,9,10,11,12,13,14,15,16,17,18,19,20,21,22,23,24",15515,14811,14804,15522,0.953743,0.046257,0.047532
z,25,"1,2,3,4,5,6,7,8,9,10,11,12,13,14,15,16,17,18,19,20,21,22,23,24,25",14811,14811,14811,14811,1.000000,0.000000,0.000000
x,1,1,11999,3349,3305,12043,0.274433,0.725567,2.582861
x,2,"1,2",11952,3349,3305,11996,0.275509,0.724491,2.568827
x,3,"1,2,3",11566,3349,3305,11610,0.284668,0.715332,2.453568
x,4,"1,2,3,4",4476,3349,2851,4974,0.573181,0.426819,0.336518
x,5,"1,2,3,4,5",3242,3349,2710,3881,0.698274,0.301726,0.031950
x,6,"1,2,3,4,5,6",2747,3349,2248,3848,0.584200,0.415800,0.179755
x,7,"1,2,3,4,5,6,7",3184,3349,2311,4222,0.547371,0.452629,0.049268
x,8,"1,2,3,4,5,6,7,8",3237,3349,2339,4247,0.550742,0.449258,0.033443
x,9,"1,2,3,4,5,6,7,8,9",6248,3349,2979,6618,0.450136,0.549864,0.865632
x,10,"1,2,3,4,5,6,7,8,9,10",5929,3349,3261,6017,0.541964,0.458036,0.770379
x,11,"1,2,3,4,5,6,7,8,9,10,11",4165,3349,3244,4270,0.759719,0.240281,0.243655
x,12,"1,2,3,4,5,6,7,8,9,10,11,12",3514,3349,3148,3715,0.847376,0.152624,0.049268
x,13,"1,2,3,4,5,6,7,8,9,10,11,12,13",3272,3349,3095,3526,0.877765,0.122235,0.022992
x,14,"1,2,3,4,5,6,7,8,9,10,11,12,13,14",3065,3349,3036,3378,0.898757,0.101243,0.084801
x,15,"1,2,3,4,5,6,7,8,9,10,11,12,13,14,15",3092,3349,3056,3385,0.902806,0.097194,0.076739
x,16,"1,2,3,4,5,6,7,8,9,10,11,12,13,14,15,16",3011,3349,2989,3371,0.886681,0.113319,0.100926
x,17,"1,2,3,4,5,6,7,8,9,10,11,12,13,14,15,16,17",3040,3349,3018,3371,0.895283,0.104717,0.092266
x,18,"1,2,3,4,5,6,7,8,9,10,11,12,13,14,15,16,17,18",3276,3349,3218,3407,0.944526,0.055474,0.021798
x,19,"1,2,3,4,5,6,7,8,9,10,11,12,13,14,15,16,17,18,19",3336,3349,3264,3421,0.954107,0.045893,0.003882
x,20,"1,2,3,4,5,6,7,8,9,10,11,12,13,14,15,16,17,18,19,20",3348,3349,3264,3433,0.950772,0.049228,0.000299
x,21,"1,2,3,4,5,6,7,8,9,10,11,12,13,14,15,16,17,18,19,20,21",3317,3349,3262,3404,0.958284,0.041716,0.009555
x,22,"1,2,3,4,5,6,7,8,9,10,11,12,13,14,15,16,17,18,19,20,21,22",3306,3349,3264,3391,0.962548,0.037452,0.012840
x,23,"1,2,3,4,5,6,7,8,9,10,11,12,13,14,15,16,17,18,19,20,21,22,23",3300,3349,3261,3388,0.962515,0.037485,0.014631
x,24,"1,2,3,4,5,6,7,8,9,10,11,12,13,14,15,16,17,18,19,20,21,22,23,24",3220,3349,3210,3359,0.955642,0.044358,0.038519
x,25,"1,2,3,4,5,6,7,8,9,10,11,12,13,14,15,16,17,18,19,20,21,22,23,24,25",3349,3349,3349,3349,1.000000,0.000000,0.000000
c,1,1,1513,4980,1513,4980,0.303815,0.696185,0.696185
c,2,"1,2",2228,4980,2071,5137,0.403154,0.596846,0.552610
c,3,"1,2,3",2448,4980,2328,5100,0.456471,0.543529,0.508434
c,4,"1,2,3,4",4922,4980,4337,5565,0.779335,0.220665,0.011647
c,5,"1,2,3,4,5",4984,4980,4555,5409,0.842115,0.157885,0.000803
c,6,"1,2,3,4,5,6",5663,4980,4821,5822,0.828066,0.171934,0.137149
c,7,"1,2,3,4,5,6,7",5585,4980,4849,5716,0.848321,0.151679,0.121486
c,8,"1,2,3,4,5,6,7,8",5566,4980,4843,5703,0.849202,0.150798,0.117671
c,9,"1,2,3,4,5,6,7,8,9",4976,4980,4737,5219,0.907645,0.092355,0.000803
c,10,"1,2,3,4,5,6,7,8,9,10",4604,4980,4604,4980,0.924498,0.075502,0.075502
c,11,"1,2,3,4,5,6,7,8,9,10,11",4427,4980,4422,4985,0.887061,0.112939,0.111044
c,12,"1,2,3,4,5,6,7,8,9,10,11,12",4430,4980,4428,4982,0.888800,0.111200,0.110442
c,13,"1,2,3,4,5,6,7,8,9,10,11,12,13",4719,4980,4694,5005,0.937862,0.062138,0.052410
c,14,"1,2,3,4,5,6,7,8,9,10,11,12,13,14",5098,4980,4899,5179,0.945936,0.054064,0.023695
c,15,"1,2,3,4,5,6,7,8,9,10,11,12,13,14,15",5115,4980,4913,5182,0.948090,0.051910,0.027108
c,16,"1,2,3,4,5,6,7,8,9,10,11,12,13,14,15,16",5039,4980,4886,5133,0.951880,0.048120,0.011847
c,17,"1,2,3,4,5,6,7,8,9,10,11,12,13,14,15,16,17",5016,4980,4920,5076,0.969267,0.030733,0.007229
c,18,"1,2,3,4,5,6,7,8,9,10,11,12,13,14,15,16,17,18",5036,4980,4937,5079,0.972042,0.027958,0.011245
c,19,"1,2,3,4,5,6,7,8,9,10,11,12,13,14,15,16,17,18,19",4871,4980,4851,5000,0.970200,0.029800,0.021888
c,20,"1,2,3,4,5,6,7,8,9,10,11,12,13,14,15,16,17,18,19,20",4821,4980,4812,4989,0.964522,0.035478,0.031928
c,21,"1,2,3,4,5,6,7,8,9,10,11,12,13,14,15,16,17,18,19,20,21",4920,4980,4872,5028,0.968974,0.031026,0.012048
c,22,"1,2,3,4,5,6,7,8,9,10,11,12,13,14,15,16,17,18,19,20,21,22",5006,4980,4933,5053,0.976252,0.023748,0.005221
c,23,"1,2,3,4,5,6,7,8,9,10,11,12,13,14,15,16,17,18,19,20,21,22,23",5002,4980,4930,5052,0.975851,0.024149,0.004418
c,24,"1,2,3,4,5,6,7,8,9,10,11,12,13,14,15,16,17,18,19,20,21,22,23,24",5079,4980,4976,5083,0.978949,0.021051,0.019880
c,25,"1,2,3,4,5,6,7,8,9,10,11,12,13,14,15,16,17,18,19,20,21,22,23,24,25",4980,4980,4980,4980,1.000000,0.000000,0.000000
v,1,1,1444,3453,1341,3556,0.377109,0.622891,0.581813
v,2,"1,2",3065,3453,2681,3837,0.698723,0.301277,0.112366
v,3,"1,2,3",3852,3453,2969,4336,0.684732,0.315268,0.115552
v,4,"1,2,3,4",4093,3453,3384,4162,0.813071,0.186929,0.185346
v,5,"1,2,3,4,5",4133,3453,3440,4146,0.829715,0.170285,0.196930
v,6,"1,2,3,4,5,6",3846,3453,3377,3922,0.861040,0.138960,0.113814
v,7,"1,2,3,4,5,6,7",3848,3453,3428,3873,0.885102,0.114898,0.114393
v,8,"1,2,3,4,5,6,7,8",3763,3453,3399,3817,0.890490,0.109510,0.089777
v,9,"1,2,3,4,5,6,7,8,9",3821,3453,3429,3845,0.891808,0.108192,0.106574
v,10,"1,2,3,4,5,6,7,8,9,10",3788,3453,3399,3842,0.884695,0.115305,0.097017
v,11,"1,2,3,4,5,6,7,8,9,10,11",3868,3453,3423,3898,0.878143,0.121857,0.120185
v,12,"1,2,3,4,5,6,7,8,9,10,11,12",3781,3453,3438,3796,0.905690,0.094310,0.094990
v,13,"1,2,3,4,5,6,7,8,9,10,11,12,13",3544,3453,3393,3604,0.941454,0.058546,0.026354
v,14,"1,2,3,4,5,6,7,8,9,10,11,12,13,14",3585,3453,3414,3624,0.942053,0.057947,0.038228
v,15,"1,2,3,4,5,6,7,8,9,10,11,12,13,14,15",3572,3453,3409,3616,0.942754,0.057246,0.034463
v,16,"1,2,3,4,5,6,7,8,9,10,11,12,13,14,15,16",3662,3453,3436,3679,0.933949,0.066051,0.060527
v,17,"1,2,3,4,5,6,7,8,9,10,11,12,13,14,15,16,17",3635,3453,3426,3662,0.935554,0.064446,0.052708
v,18,"1,2,3,4,5,6,7,8,9,10,11,12,13,14,15,16,17,18",3612,3453,3399,3666,0.927169,0.072831,0.046047
v,19,"1,2,3,4,5,6,7,8,9,10,11,12,13,14,15,16,17,18,19",3650,3453,3452,3651,0.945494,0.054506,0.057052
v,20,"1,2,3,4,5,6,7,8,9,10,11,12,13,14,15,16,17,18,19,20",3568,3453,3439,3582,0.960078,0.039922,0.033304
v,21,"1,2,3,4,5,6,7,8,9,10,11,12,13,14,15,16,17,18,19,20,21",3507,3453,3416,3544,0.963883,0.036117,0.015639
v,22,"1,2,3,4,5,6,7,8,9,10,11,12,13,14,15,16,17,18,19,20,21,22",3481,3453,3407,3527,0.965977,0.034023,0.008109
v,23,"1,2,3,4,5,6,7,8,9,10,11,12,13,14,15,16,17,18,19,20,21,22,23",3450,3453,3402,3501,0.971722,0.028278,0.000869
v,24,"1,2,3,4,5,6,7,8,9,10,11,12,13,14,15,16,17,18,19,20,21,22,23,24",3398,3453,3388,3463,0.978342,0.021658,0.015928
v,25,"1,2,3,4,5,6,7,8,9,10,11,12,13,14,15,16,17,18,19,20,21,22,23,24,25",3453,3453,3453,3453,1.000000,0.000000,0.000000
b,1,1,7389,3156,3156,7389,0.427121,0.572879,1.341255
b,2,"1,2",1442,3156,1442,3156,0.456907,0.543093,0.543093
b,3,"1,2,3",1745,3156,1745,3156,0.552915,0.447085,0.447085
b,4,"1,2,3,4",2492,3156,2453,3195,0.767762,0.232238,0.210393
b,5,"1,2,3,4,5",2440,3156,2373,3223,0.736271,0.263729,0.226869
b,6,"1,2,3,4,5,6",2648,3156,2579,3225,0.799690,0.200310,0.160963
b,7,"1,2,3,4,5,6,7",2615,3156,2588,3183,0.813069,0.186931,0.171420
b,8,"1,2,3,4,5,6,7,8",2626,3156,2608,3174,0.821676,0.178324,0.167934
b,9,"1,2,3,4,5,6,7,8,9",2689,3156,2663,3182,0.836895,0.163105,0.147972
b,10,"1,2,3,4,5,6,7,8,9,10",2766,3156,2712,3210,0.844860,0.155140,0.123574
b,11,"1,2,3,4,5,6,7,8,9,10,11",2752,3156,2692,3216,0.837065,0.162935,0.128010
b,12,"1,2,3,4,5,6,7,8,9,10,11,12",2780,3156,2727,3209,0.849797,0.150203,0.119138
b,13,"1,2,3,4,5,6,7,8,9,10,11,12,13",3018,3156,2921,3253,0.897940,0.102060,0.043726
b,14,"1,2,3,4,5,6,7,8,9,10,11,12,13,14",2964,3156,2892,3228,0.895911,0.104089,0.060837
b,15,"1,2,3,4,5,6,7,8,9,10,11,12,13,14,15",2923,3156,2856,3223,0.886131,0.113869,0.073828
b,16,"1,2,3,4,5,6,7,8,9,10,11,12,13,14,15,16",2953,3156,2876,3233,0.889576,0.110424,0.064322
b,17,"1,2,3,4,5,6,7,8,9,10,11,12,13,14,15,16,17",2962,3156,2901,3217,0.901772,0.098228,0.061470
b,18,"1,2,3,4,5,6,7,8,9,10,11,12,13,14,15,16,17,18",2926,3156,2879,3203,0.898845,0.101155,0.072877
b,19,"1,2,3,4,5,6,7,8,9,10,11,12,13,14,15,16,17,18,19",2952,3156,2902,3206,0.905178,0.094822,0.064639
b,20,"1,2,3,4,5,6,7,8,9,10,11,12,13,14,15,16,17,18,19,20",3042,3156,2995,3203,0.935061,0.064939,0.036122
b,21,"1,2,3,4,5,6,7,8,9,10,11,12,13,14,15,16,17,18,19,20,21",3167,3156,3091,3232,0.956374,0.043626,0.003485
b,22,"1,2,3,4,5,6,7,8,9,10,11,12,13,14,15,16,17,18,19,20,21,22",3145,3156,3087,3214,0.960485,0.039515,0.003485
b,23,"1,2,3,4,5,6,7,8,9,10,11,12,13,14,15,16,17,18,19,20,21,22,23",3191,3156,3141,3206,0.979726,0.020274,0.011090
b,24,"1,2,3,4,5,6,7,8,9,10,11,12,13,14,15,16,17,18,19,20,21,22,23,24",3182,3156,3150,3188,0.988080,0.011920,0.008238
b,25,"1,2,3,4,5,6,7,8,9,10,11,12,13,14,15,16,17,18,19,20,21,22,23,24,25",3156,3156,3156,3156,1.000000,0.000000,0.000000
n,1,1,2722,3819,2674,3867,0.691492,0.308508,0.287248
n,2,"1,2",3210,3819,2967,4062,0.730428,0.269572,0.159466
n,3,"1,2,3",3474,3819,3094,4199,0.736842,0.263158,0.090338
n,4,"1,2,3,4",3733,3819,3346,4206,0.795530,0.204470,0.022519
n,5,"1,2,3,4,5",3827,3819,3465,4181,0.828749,0.171251,0.002095
n,6,"1,2,3,4,5,6",3695,3819,3409,4105,0.830451,0.169549,0.032469
n,7,"1,2,3,4,5,6,7",3918,3819,3540,4197,0.843460,0.156540,0.025923
n,8,"1,2,3,4,5,6,7,8",3815,3819,3507,4127,0.849770,0.150230,0.001047
n,9,"1,2,3,4,5,6,7,8,9",3840,3819,3541,4118,0.859883,0.140117,0.005499
n,10,"1,2,3,4,5,6,7,8,9,10",3862,3819,3566,4115,0.866586,0.133414,0.011259
n,11,"1,2,3,4,5,6,7,8,9,10,11",3815,3819,3530,4104,0.860136,0.139864,0.001047
n,12,"1,2,3,4,5,6,7,8,9,10,11,12",3804,3819,3543,4080,0.868382,0.131618,0.003928
n,13,"1,2,3,4,5,6,7,8,9,10,11,12,13",3495,3819,3436,3878,0.886024,0.113976,0.084839
n,14,"1,2,3,4,5,6,7,8,9,10,11,12,13,14",3521,3819,3456,3884,0.889804,0.110196,0.078031
n,15,"1,2,3,4,5,6,7,8,9,10,11,12,13,14,15",3552,3819,3489,3882,0.898764,0.101236,0.069914
n,16,"1,2,3,4,5,6,7,8,9,10,11,12,13,14,15,16",3507,3819,3445,3881,0.887658,0.112342,0.081697
n,17,"1,2,3,4,5,6,7,8,9,10,11,12,13,14,15,16,17",3483,3819,3436,3866,0.888774,0.111226,0.087981
n,18,"1,2,3,4,5,6,7,8,9,10,11,12,13,14,15,16,17,18",3516,3819,3461,3874,0.893392,0.106608,0.079340
n,19,"1,2,3,4,5,6,7,8,9,10,11,12,13,14,15,16,17,18,19",3517,3819,3473,3863,0.899042,0.100958,0.079078
n,20,"1,2,3,4,5,6,7,8,9,10,11,12,13,14,15,16,17,18,19,20",3590,3819,3559,3850,0.924416,0.075584,0.059963
n,21,"1,2,3,4,5,6,7,8,9,10,11,12,13,14,15,16,17,18,19,20,21",3585,3819,3583,3821,0.937713,0.062287,0.061273
n,22,"1,2,3,4,5,6,7,8,9,10,11,12,13,14,15,16,17,18,19,20,21,22",3641,3819,3640,3820,0.952880,0.047120,0.046609
n,23,"1,2,3,4,5,6,7,8,9,10,11,12,13,14,15,16,17,18,19,20,21,22,23",3636,3819,3635,3820,0.951571,0.048429,0.047918
n,24,"1,2,3,4,5,6,7,8,9,10,11,12,13,14,15,16,17,18,19,20,21,22,23,24",3750,3819,3743,3826,0.978306,0.021694,0.018068
n,25,"1,2,3,4,5,6,7,8,9,10,11,12,13,14,15,16,17,18,19,20,21,22,23,24,25",3819,3819,3819,3819,1.000000,0.000000,0.000000
m,1,1,1813,2685,1688,2810,0.600712,0.399288,0.324767
m,2,"1,2",1959,2685,1789,2855,0.626620,0.373380,0.270391
m,3,"1,2,3",1658,2685,1638,2705,0.605545,0.394455,0.382495
m,4,"1,2,3,4",1763,2685,1751,2697,0.649240,0.350760,0.343389
m,5,"1,2,3,4,5",1883,2685,1874,2694,0.695620,0.304380,0.298696
m,6,"1,2,3,4,5,6",2128,2685,2071,2742,0.755288,0.244712,0.207449
m,7,"1,2,3,4,5,6,7",2156,2685,2107,2734,0.770666,0.229334,0.197020
m,8,"1,2,3,4,5,6,7,8",2256,2685,2200,2741,0.802627,0.197373,0.159777
m,9,"1,2,3,4,5,6,7,8,9",2248,2685,2205,2728,0.808284,0.191716,0.162756
m,10,"1,2,3,4,5,6,7,8,9,10",2476,2685,2406,2755,0.873321,0.126679,0.077840
m,11,"1,2,3,4,5,6,7,8,9,10,11",2532,2685,2463,2754,0.894336,0.105664,0.056983
m,12,"1,2,3,4,5,6,7,8,9,10,11,12",2561,2685,2479,2767,0.895916,0.104084,0.046182
m,13,"1,2,3,4,5,6,7,8,9,10,11,12,13",2742,2685,2561,2866,0.893580,0.106420,0.021229
m,14,"1,2,3,4,5,6,7,8,9,10,11,12,13,14",2664,2685,2521,2828,0.891443,0.108557,0.007821
m,15,"1,2,3,4,5,6,7,8,9,10,11,12,13,14,15",2683,2685,2540,2828,0.898161,0.101839,0.000745
m,16,"1,2,3,4,5,6,7,8,9,10,11,12,13,14,15,16",2661,2685,2537,2809,0.903168,0.096832,0.008939
m,17,"1,2,3,4,5,6,7,8,9,10,11,12,13,14,15,16,17",2834,2685,2644,2875,0.919652,0.080348,0.055493
m,18,"1,2,3,4,5,6,7,8,9,10,11,12,13,14,15,16,17,18",2865,2685,2674,2876,0.929764,0.070236,0.067039
m,19,"1,2,3,4,5,6,7,8,9,10,11,12,13,14,15,16,17,18,19",2864,2685,2679,2870,0.933449,0.066551,0.066667
m,20,"1,2,3,4,5,6,7,8,9,10,11,12,13,14,15,16,17,18,19,20",2805,2685,2664,2826,0.942675,0.057325,0.044693
m,21,"1,2,3,4,5,6,7,8,9,10,11,12,13,14,15,16,17,18,19,20,21",2802,2685,2674,2813,0.950587,0.049413,0.043575
m,22,"1,2,3,4,5,6,7,8,9,10,11,12,13,14,15,16,17,18,19,20,21,22",2741,2685,2664,2762,0.964518,0.035482,0.020857
m,23,"1,2,3,4,5,6,7,8,9,10,11,12,13,14,15,16,17,18,19,20,21,22,23",2765,2685,2675,2775,0.963964,0.036036,0.029795
m,24,"1,2,3,4,5,6,7,8,9,10,11,12,13,14,15,16,17,18,19,20,21,22,23,24",2696,2685,2674,2707,0.987809,0.012191,0.004097
m,25,"1,2,3,4,5,6,7,8,9,10,11,12,13,14,15,16,17,18,19,20,21,22,23,24,25",2685,2685,2685,2685,1.000000,0.000000,0.000000
space,1,1,19319,30803,18301,31821,0.575123,0.424877,0.372821
space,2,"1,2",20286,30803,18329,32760,0.559493,0.440507,0.341428
space,3,"1,2,3",19314,30803,18076,32041,0.564152,0.435848,0.372983
space,4,"1,2,3,4",31334,30803,29866,32271,0.925475,0.074525,0.017239
space,5,"1,2,3,4,5",31409,30803,30216,31996,0.944368,0.055632,0.019673
space,6,"1,2,3,4,5,6",31367,30803,30046,32124,0.935313,0.064687,0.018310
space,7,"1,2,3,4,5,6,7",31590,30803,30145,32248,0.934787,0.065213,0.025549
space,8,"1,2,3,4,5,6,7,8",31530,30803,30072,32261,0.932147,0.067853,0.023602
space,9,"1,2,3,4,5,6,7,8,9",30842,30803,30316,31329,0.967666,0.032334,0.001266
space,10,"1,2,3,4,5,6,7,8,9,10",31643,30803,30592,31854,0.960382,0.039618,0.027270
space,11,"1,2,3,4,5,6,7,8,9,10,11",28579,30803,28075,31307,0.896764,0.103236,0.072201
space,12,"1,2,3,4,5,6,7,8,9,10,11,12",28451,30803,27911,31343,0.890502,0.109498,0.076356
space,13,"1,2,3,4,5,6,7,8,9,10,11,12,13",28352,30803,27936,31219,0.894840,0.105160,0.079570
space,14,"1,2,3,4,5,6,7,8,9,10,11,12,13,14",29065,30803,28727,31141,0.922482,0.077518,0.056423
space,15,"1,2,3,4,5,6,7,8,9,10,11,12,13,14,15",28977,30803,28680,31100,0.922186,0.077814,0.059280
space,16,"1,2,3,4,5,6,7,8,9,10,11,12,13,14,15,16",28988,30803,28694,31097,0.922726,0.077274,0.058923
space,17,"1,2,3,4,5,6,7,8,9,10,11,12,13,14,15,16,17",29020,30803,28742,31081,0.924745,0.075255,0.057884
space,18,"1,2,3,4,5,6,7,8,9,10,11,12,13,14,15,16,17,18",29414,30803,29147,31070,0.938107,0.061893,0.045093
space,19,"1,2,3,4,5,6,7,8,9,10,11,12,13,14,15,16,17,18,19",29750,30803,29456,31097,0.947230,0.052770,0.034185
space,20,"1,2,3,4,5,6,7,8,9,10,11,12,13,14,15,16,17,18,19,20",29732,30803,29484,31051,0.949535,0.050465,0.034769
space,21,"1,2,3,4,5,6,7,8,9,10,11,12,13,14,15,16,17,18,19,20,21",29645,30803,29442,31006,0.949558,0.050442,0.037594
space,22,"1,2,3,4,5,6,7,8,9,10,11,12,13,14,15,16,17,18,19,20,21,22",29844,30803,29661,30986,0.957239,0.042761,0.031133
space,23,"1,2,3,4,5,6,7,8,9,10,11,12,13,14,15,16,17,18,19,20,21,22,23",29844,30803,29701,30946,0.959769,0.040231,0.031133
space,24,"1,2,3,4,5,6,7,8,9,10,11,12,13,14,15,16,17,18,19,20,21,22,23,24",30353,30803,30278,30878,0.980569,0.019431,0.014609
space,25,"1,2,3,4,5,6,7,8,9,10,11,12,13,14,15,16,17,18,19,20,21,22,23,24,25",30803,30803,30803,30803,1.000000,0.000000,0.000000
delete,1,1,20874,21397,19423,22848,0.850096,0.149904,0.024443
delete,2,"1,2",22614,21397,21056,22955,0.917273,0.082727,0.056877
delete,3,"1,2,3",22655,21397,21247,22805,0.931682,0.068318,0.058793
delete,4,"1,2,3,4",22383,21397,21251,22529,0.943273,0.056727,0.046081
delete,5,"1,2,3,4,5",21983,21397,21074,22306,0.944768,0.055232,0.027387
delete,6,"1,2,3,4,5,6",22033,21397,21185,22245,0.952349,0.047651,0.029724
delete,7,"1,2,3,4,5,6,7",21845,21397,21148,22094,0.957183,0.042817,0.020938
delete,8,"1,2,3,4,5,6,7,8",21873,21397,21227,22043,0.962981,0.037019,0.022246
delete,9,"1,2,3,4,5,6,7,8,9",21804,21397,21178,22023,0.961631,0.038369,0.019021
delete,10,"1,2,3,4,5,6,7,8,9,10",21732,21397,21268,21861,0.972874,0.027126,0.015656
delete,11,"1,2,3,4,5,6,7,8,9,10,11",21745,21397,21318,21824,0.976815,0.023185,0.016264
delete,12,"1,2,3,4,5,6,7,8,9,10,11,12",21765,21397,21344,21818,0.978275,0.021725,0.017199
delete,13,"1,2,3,4,5,6,7,8,9,10,11,12,13",21719,21397,21344,21772,0.980342,0.019658,0.015049
delete,14,"1,2,3,4,5,6,7,8,9,10,11,12,13,14",21633,21397,21303,21727,0.980485,0.019515,0.011030
delete,15,"1,2,3,4,5,6,7,8,9,10,11,12,13,14,15",21604,21397,21303,21698,0.981796,0.018204,0.009674
delete,16,"1,2,3,4,5,6,7,8,9,10,11,12,13,14,15,16",21621,21397,21320,21698,0.982579,0.017421,0.010469
delete,17,"1,2,3,4,5,6,7,8,9,10,11,12,13,14,15,16,17",21422,21397,21247,21572,0.984934,0.015066,0.001168
delete,18,"1,2,3,4,5,6,7,8,9,10,11,12,13,14,15,16,17,18",21419,21397,21274,21542,0.987559,0.012441,0.001028
delete,19,"1,2,3,4,5,6,7,8,9,10,11,12,13,14,15,16,17,18,19",21438,21397,21307,21528,0.989734,0.010266,0.001916
delete,20,"1,2,3,4,5,6,7,8,9,10,11,12,13,14,15,16,17,18,19,20",21493,21397,21353,21537,0.991457,0.008543,0.004487
delete,21,"1,2,3,4,5,6,7,8,9,10,11,12,13,14,15,16,17,18,19,20,21",21452,21397,21345,21504,0.992606,0.007394,0.002570
delete,22,"1,2,3,4,5,6,7,8,9,10,11,12,13,14,15,16,17,18,19,20,21,22",21350,21397,21308,21439,0.993890,0.006110,0.002197
delete,23,"1,2,3,4,5,6,7,8,9,10,11,12,13,14,15,16,17,18,19,20,21,22,23",21388,21397,21354,21431,0.996407,0.003593,0.000421
delete,24,"1,2,3,4,5,6,7,8,9,10,11,12,13,14,15,16,17,18,19,20,21,22,23,24",21352,21397,21338,21411,0.996591,0.003409,0.002103
delete,25,"1,2,3,4,5,6,7,8,9,10,11,12,13,14,15,16,17,18,19,20,21,22,23,24,25",21397,21397,21397,21397,1.000000,0.000000,0.000000
